date,home,away,home_score,away_score,winner,loser,winner_score,loser_score,total,spread,strategy_type,strategy_overlay
2026-01-06,IND,CLE,116,120,CLE,IND,120,116,236,4,balanced,
2026-01-06,WAS,ORL,120,112,WAS,ORL,120,112,232,8,standard,
2026-01-06,MEM,SAS,106,105,MEM,SAS,106,105,211,1,balanced,defensive_grind
2026-01-06,MIN,MIA,122,94,MIN,MIA,122,94,216,28,blowout,
2026-01-06,NOP,LAL,103,111,LAL,NOP,111,103,214,8,standard,defensive_grind
2026-01-06,SAC,DAL,98,100,DAL,SAC,100,98,198,2,balanced,defensive_grind
2026-01-07,CHA,TOR,96,97,TOR,CHA,97,96,193,1,balanced,defensive_grind
2026-01-07,DET,CHI,108,93,DET,CHI,108,93,201,15,blowout,defensive_grind
2026-01-07,PHI,WAS,131,110,PHI,WAS,131,110,241,21,blowout,
2026-01-07,BOS,DEN,110,114,DEN,BOS,114,110,224,4,balanced,
2026-01-07,ATL,NOP,117,100,ATL,NOP,117,100,217,17,blowout,
2026-01-07,BKN,ORL,103,104,ORL,BKN,104,103,207,1,balanced,defensive_grind
2026-01-07,NYK,LAC,123,111,NYK,LAC,123,111,234,12,standard,
2026-01-07,MEM,PHX,98,117,PHX,MEM,117,98,215,19,blowout,
2026-01-07,OKC,UTA,129,125,OKC,UTA,129,125,254,4,balanced,shootout
2026-01-07,SAS,LAL,107,91,SAS,LAL,107,91,198,16,blowout,defensive_grind
2026-01-07,GSW,MIL,120,113,GSW,MIL,120,113,233,7,standard,
2026-01-07,POR,HOU,103,102,POR,HOU,103,102,205,1,balanced,defensive_grind
2026-01-08,CHA,IND,112,114,IND,CHA,114,112,226,2,balanced,
2026-01-08,MIN,CLE,131,122,MIN,CLE,131,122,253,9,standard,shootout
2026-01-08,UTA,DAL,116,114,UTA,DAL,116,114,230,2,balanced,
2026-01-09,BOS,TOR,125,117,BOS,TOR,125,117,242,8,standard,
2026-01-09,ORL,PHI,91,103,PHI,ORL,103,91,194,12,standard,defensive_grind
2026-01-09,WAS,NOP,107,128,NOP,WAS,128,107,235,21,blowout,
2026-01-09,BKN,LAC,105,121,LAC,BKN,121,105,226,16,blowout,
2026-01-09,MEM,OKC,116,117,OKC,MEM,117,116,233,1,balanced,
2026-01-09,DEN,ATL,87,110,ATL,DEN,110,87,197,23,blowout,defensive_grind
2026-01-09,PHX,NYK,112,107,PHX,NYK,112,107,219,5,balanced,
2026-01-09,GSW,SAC,137,103,GSW,SAC,137,103,240,34,blowout,
2026-01-09,POR,HOU,111,105,POR,HOU,111,105,216,6,standard,
2026-01-09,LAL,MIL,101,105,MIL,LAL,105,101,206,4,balanced,defensive_grind
2026-01-10,CLE,MIN,146,134,CLE,MIN,146,134,280,12,standard,shootout
2026-01-10,IND,MIA,123,99,IND,MIA,123,99,222,24,blowout,
2026-01-10,DET,LAC,92,98,LAC,DET,98,92,190,6,standard,defensive_grind
2026-01-10,BOS,SAS,95,100,SAS,BOS,100,95,195,5,balanced,defensive_grind
2026-01-10,CHI,DAL,125,107,CHI,DAL,125,107,232,18,blowout,
2026-01-10,UTA,CHA,95,150,CHA,UTA,150,95,245,55,blowout,shootout
2026-01-11,ORL,NOP,128,118,ORL,NOP,128,118,246,10,standard,shootout
2026-01-11,MEM,BKN,103,98,MEM,BKN,103,98,201,5,balanced,defensive_grind
2026-01-11,TOR,PHI,116,115,TOR,PHI,116,115,231,1,balanced,
2026-01-11,POR,NYK,114,123,NYK,POR,123,114,237,9,standard,
2026-01-11,MIN,SAS,104,103,MIN,SAS,104,103,207,1,balanced,defensive_grind
2026-01-11,OKC,MIA,124,112,OKC,MIA,124,112,236,12,standard,
2026-01-11,DEN,MIL,108,104,DEN,MIL,108,104,212,4,balanced,defensive_grind
2026-01-11,PHX,WAS,112,93,PHX,WAS,112,93,205,19,blowout,defensive_grind
2026-01-11,GSW,ATL,111,124,ATL,GSW,124,111,235,13,blowout,
2026-01-11,SAC,HOU,111,98,SAC,HOU,111,98,209,13,blowout,defensive_grind
2026-01-12,CLE,UTA,112,123,UTA,CLE,123,112,235,11,standard,
2026-01-12,IND,BOS,98,96,IND,BOS,98,96,194,2,balanced,defensive_grind
2026-01-12,TOR,PHI,102,115,PHI,TOR,115,102,217,13,blowout,
2026-01-12,DAL,BKN,113,105,DAL,BKN,113,105,218,8,standard,
2026-01-12,SAC,LAL,124,112,SAC,LAL,124,112,236,12,standard,
2026-01-12,LAC,CHA,117,109,LAC,CHA,117,109,226,8,standard,
2026-01-13,MIA,PHX,127,121,MIA,PHX,127,121,248,6,standard,shootout
2026-01-13,HOU,CHI,119,113,HOU,CHI,119,113,232,6,standard,
2026-01-13,MIL,MIN,106,139,MIN,MIL,139,106,245,33,blowout,shootout
2026-01-13,NOP,DEN,116,122,DEN,NOP,122,116,238,6,standard,
2026-01-13,OKC,SAS,119,98,OKC,SAS,119,98,217,21,blowout,
2026-01-13,LAL,ATL,141,116,LAL,ATL,141,116,257,25,blowout,shootout
2026-01-13,GSW,POR,119,97,GSW,POR,119,97,216,22,blowout,
2026-01-14,IND,TOR,101,115,TOR,IND,115,101,216,14,blowout,
2026-01-14,PHI,CLE,107,133,CLE,PHI,133,107,240,26,blowout,
2026-01-14,CHI,UTA,128,126,CHI,UTA,128,126,254,2,balanced,shootout
2026-01-14,NOP,BKN,116,113,NOP,BKN,116,113,229,3,balanced,
2026-01-14,DAL,DEN,109,118,DEN,DAL,118,109,227,9,standard,
2026-01-14,SAC,NYK,112,101,SAC,NYK,112,101,213,11,standard,defensive_grind
2026-01-14,LAC,WAS,119,105,LAC,WAS,119,105,224,14,blowout,
2026-01-15,ORL,MEM,118,111,ORL,MEM,118,111,229,7,standard,
2026-01-15,DET,PHX,108,105,DET,PHX,108,105,213,3,balanced,defensive_grind
2026-01-15,MIA,BOS,114,119,BOS,MIA,119,114,233,5,balanced,
2026-01-15,HOU,OKC,91,111,OKC,HOU,111,91,202,20,blowout,defensive_grind
2026-01-15,SAS,MIL,119,101,SAS,MIL,119,101,220,18,blowout,
2026-01-15,DAL,UTA,144,122,DAL,UTA,144,122,266,22,blowout,shootout
2026-01-15,GSW,NYK,126,113,GSW,NYK,126,113,239,13,blowout,
2026-01-15,POR,ATL,117,101,POR,ATL,117,101,218,16,blowout,
2026-01-15,LAL,CHA,117,135,CHA,LAL,135,117,252,18,blowout,shootout
2026-01-16,IND,NOP,127,119,IND,NOP,127,119,246,8,standard,shootout
2026-01-16,PHI,CLE,115,117,CLE,PHI,117,115,232,2,balanced,
2026-01-16,BKN,CHI,112,109,BKN,CHI,112,109,221,3,balanced,
2026-01-16,TOR,LAC,117,121,LAC,TOR,121,117,238,4,balanced,
2026-01-16,HOU,MIN,110,105,HOU,MIN,110,105,215,5,balanced,
2026-01-16,SAC,WAS,128,115,SAC,WAS,128,115,243,13,blowout,
2026-01-17,DAL,UTA,138,120,DAL,UTA,138,120,258,18,blowout,shootout
2026-01-17,ATL,BOS,106,132,BOS,ATL,132,106,238,26,blowout,
2026-01-17,DET,IND,121,78,DET,IND,121,78,199,43,blowout,defensive_grind
2026-01-17,NYK,PHX,99,106,PHX,NYK,106,99,205,7,standard,defensive_grind
2026-01-17,MIA,OKC,122,120,MIA,OKC,122,120,242,2,balanced,
2026-01-17,SAS,MIN,126,123,SAS,MIN,126,123,249,3,balanced,shootout
2026-01-17,GSW,CHA,136,116,GSW,CHA,136,116,252,20,blowout,shootout
2026-01-17,DEN,WAS,121,115,DEN,WAS,121,115,236,6,standard,
2026-01-17,POR,LAL,132,116,POR,LAL,132,116,248,16,blowout,shootout
2026-01-18,MEM,ORL,126,109,MEM,ORL,126,109,235,17,blowout,
2026-01-18,CHI,BKN,124,102,CHI,BKN,124,102,226,22,blowout,
2026-01-18,HOU,NOP,119,110,HOU,NOP,119,110,229,9,standard,
2026-01-18,DEN,CHA,87,110,CHA,DEN,110,87,197,23,blowout,defensive_grind
2026-01-18,SAC,POR,110,117,POR,SAC,117,110,227,7,standard,
2026-01-18,LAL,TOR,110,93,LAL,TOR,110,93,203,17,blowout,defensive_grind
2026-01-19,ATL,MIL,110,112,MIL,ATL,112,110,222,2,balanced,
2026-01-19,CLE,OKC,104,136,OKC,CLE,136,104,240,32,blowout,
2026-01-19,WAS,LAC,106,110,LAC,WAS,110,106,216,4,balanced,
2026-01-19,NYK,DAL,97,114,DAL,NYK,114,97,211,17,blowout,defensive_grind
2026-01-19,SAS,UTA,123,110,SAS,UTA,123,110,233,13,blowout,
2026-01-19,PHI,IND,113,104,PHI,IND,113,104,217,9,standard,
2026-01-19,BKN,PHX,117,126,PHX,BKN,126,117,243,9,standard,
2026-01-19,DET,BOS,104,103,DET,BOS,104,103,207,1,balanced,defensive_grind
2026-01-19,GSW,MIA,135,112,GSW,MIA,135,112,247,23,blowout,shootout
2026-01-20,PHI,PHX,110,116,PHX,PHI,116,110,226,6,standard,
2026-01-20,CHI,LAC,138,110,CHI,LAC,138,110,248,28,blowout,shootout
2026-01-20,HOU,SAS,111,106,HOU,SAS,111,106,217,5,balanced,
2026-01-20,UTA,MIN,127,122,UTA,MIN,127,122,249,5,balanced,shootout
2026-01-20,DEN,LAL,107,115,LAL,DEN,115,107,222,8,standard,
2026-01-20,GSW,TOR,127,145,TOR,GSW,145,127,272,18,blowout,shootout
2026-01-20,SAC,MIA,117,130,MIA,SAC,130,117,247,13,blowout,shootout
2026-01-21,CHA,CLE,87,94,CLE,CHA,94,87,181,7,standard,defensive_grind
2026-01-21,BOS,IND,119,104,BOS,IND,119,104,223,15,blowout,
2026-01-21,NYK,BKN,120,66,NYK,BKN,120,66,186,54,blowout,defensive_grind
2026-01-21,MEM,ATL,122,124,ATL,MEM,124,122,246,2,balanced,shootout
2026-01-21,NOP,DET,104,112,DET,NOP,112,104,216,8,standard,
2026-01-21,MIL,OKC,102,122,OKC,MIL,122,102,224,20,blowout,
2026-01-21,SAC,TOR,109,122,TOR,SAC,122,109,231,13,blowout,
2026-01-22,ORL,CHA,97,124,CHA,ORL,124,97,221,27,blowout,
2026-01-22,PHI,HOU,128,122,PHI,HOU,128,122,250,6,standard,shootout
2026-01-22,WAS,DEN,97,107,DEN,WAS,107,97,204,10,standard,defensive_grind
2026-01-22,DAL,GSW,123,115,DAL,GSW,123,115,238,8,standard,
2026-01-22,MIN,CHI,115,120,CHI,MIN,120,115,235,5,balanced,
2026-01-22,UTA,SAS,109,126,SAS,UTA,126,109,235,17,blowout,
2026-01-22,LAC,LAL,112,104,LAC,LAL,112,104,216,8,standard,
2026-01-22,POR,MIA,127,110,POR,MIA,127,110,237,17,blowout,
2026-01-23,DET,HOU,104,111,HOU,DET,111,104,215,7,standard,
2026-01-23,ATL,PHX,110,103,ATL,PHX,110,103,213,7,standard,defensive_grind
2026-01-23,BKN,BOS,126,130,BOS,BKN,130,126,256,4,balanced,shootout
2026-01-23,CLE,SAC,123,118,CLE,SAC,123,118,241,5,balanced,
2026-01-23,MEM,NOP,127,133,NOP,MEM,133,127,260,6,standard,shootout
2026-01-23,OKC,IND,114,117,IND,OKC,117,114,231,3,balanced,
2026-01-23,MIL,DEN,100,102,DEN,MIL,102,100,202,2,balanced,defensive_grind
2026-01-23,POR,TOR,98,110,TOR,POR,110,98,208,12,standard,defensive_grind
2026-01-24,CHA,WAS,119,115,CHA,WAS,119,115,234,4,balanced,
2026-01-24,PHI,NYK,109,112,NYK,PHI,112,109,221,3,balanced,
2026-01-24,ORL,CLE,105,119,CLE,ORL,119,105,224,14,blowout,
2026-01-24,CHI,BOS,114,111,CHI,BOS,114,111,225,3,balanced,
2026-01-24,DAL,LAL,110,116,LAL,DAL,116,110,226,6,standard,
2026-01-24,UTA,MIA,116,147,MIA,UTA,147,116,263,31,blowout,shootout
2026-01-25,DET,SAC,139,116,DET,SAC,139,116,255,23,blowout,shootout
2026-01-25,MIN,GSW,85,111,GSW,MIN,111,85,196,26,blowout,defensive_grind
2026-01-25,OKC,TOR,101,103,TOR,OKC,103,101,204,2,balanced,defensive_grind
2026-01-25,SAS,NOP,95,104,NOP,SAS,104,95,199,9,standard,defensive_grind
2026-01-25,PHX,MIA,102,111,MIA,PHX,111,102,213,9,standard,defensive_grind
2026-01-25,LAC,BKN,126,89,LAC,BKN,126,89,215,37,blowout,
2026-01-26,ATL,IND,132,116,ATL,IND,132,116,248,16,blowout,shootout
2026-01-26,CHA,PHI,130,93,CHA,PHI,130,93,223,37,blowout,
2026-01-26,CLE,ORL,114,98,CLE,ORL,114,98,212,16,blowout,defensive_grind
2026-01-26,BOS,POR,102,94,BOS,POR,102,94,196,8,standard,defensive_grind
2026-01-26,CHI,LAL,118,129,LAL,CHI,129,118,247,11,standard,shootout
2026-01-26,HOU,MEM,108,99,HOU,MEM,108,99,207,9,standard,defensive_grind
2026-01-26,MIN,GSW,108,83,MIN,GSW,108,83,191,25,blowout,defensive_grind
2026-01-27,WAS,POR,115,111,WAS,POR,115,111,226,4,balanced,
2026-01-27,NYK,SAC,103,87,NYK,SAC,103,87,190,16,blowout,defensive_grind
2026-01-27,PHI,MIL,139,122,PHI,MIL,139,122,261,17,blowout,shootout
2026-01-27,OKC,NOP,104,95,OKC,NOP,104,95,199,9,standard,defensive_grind
2026-01-27,DEN,DET,107,109,DET,DEN,109,107,216,2,balanced,
2026-01-27,PHX,BKN,106,102,PHX,BKN,106,102,208,4,balanced,defensive_grind
2026-01-27,UTA,LAC,103,115,LAC,UTA,115,103,218,12,standard,
2026-01-28,CLE,LAL,129,99,CLE,LAL,129,99,228,30,blowout,
2026-01-28,IND,CHI,113,110,IND,CHI,113,110,223,3,balanced,
2026-01-28,BOS,ATL,106,117,ATL,BOS,117,106,223,11,standard,
2026-01-28,MIA,ORL,124,133,ORL,MIA,133,124,257,9,standard,shootout
2026-01-28,TOR,NYK,92,119,NYK,TOR,119,92,211,27,blowout,defensive_grind
2026-01-28,MEM,CHA,97,112,CHA,MEM,112,97,209,15,blowout,defensive_grind
2026-01-28,DAL,MIN,105,118,MIN,DAL,118,105,223,13,blowout,
2026-01-28,UTA,GSW,124,140,GSW,UTA,140,124,264,16,blowout,shootout
2026-01-28,HOU,SAS,99,111,SAS,HOU,111,99,210,12,standard,defensive_grind
2026-01-29,PHI,SAC,113,111,PHI,SAC,113,111,224,2,balanced,
2026-01-29,WAS,MIL,109,99,WAS,MIL,109,99,208,10,standard,defensive_grind
2026-01-29,ATL,HOU,86,104,HOU,ATL,104,86,190,18,blowout,defensive_grind
2026-01-29,CHI,MIA,113,116,MIA,CHI,116,113,229,3,balanced,
2026-01-29,DAL,CHA,121,123,CHA,DAL,123,121,244,2,balanced,
2026-01-29,DEN,BKN,107,103,DEN,BKN,107,103,210,4,balanced,defensive_grind
2026-01-29,PHX,DET,114,96,PHX,DET,114,96,210,18,blowout,defensive_grind
2026-01-29,MIN,OKC,123,111,MIN,OKC,123,111,234,12,standard,
2026-01-30,WAS,LAL,111,142,LAL,WAS,142,111,253,31,blowout,shootout
2026-01-30,ORL,TOR,130,120,ORL,TOR,130,120,250,10,standard,shootout
2026-01-30,BOS,SAC,112,93,BOS,SAC,112,93,205,19,blowout,defensive_grind
2026-01-30,NYK,POR,127,97,NYK,POR,127,97,224,30,blowout,
2026-01-30,NOP,MEM,114,106,NOP,MEM,114,106,220,8,standard,
2026-01-30,PHX,CLE,126,113,PHX,CLE,126,113,239,13,blowout,
2026-01-30,DEN,LAC,122,109,DEN,LAC,122,109,231,13,blowout,
2026-01-30,UTA,BKN,99,109,BKN,UTA,109,99,208,10,standard,defensive_grind
2026-01-30,GSW,DET,124,131,DET,GSW,131,124,255,7,standard,shootout
2026-01-31,CHA,SAS,111,106,CHA,SAS,111,106,217,5,balanced,
2026-01-31,IND,ATL,129,124,IND,ATL,129,124,253,5,balanced,shootout
2026-01-31,PHI,NOP,124,114,PHI,NOP,124,114,238,10,standard,
2026-01-31,MIA,CHI,118,125,CHI,MIA,125,118,243,7,standard,
2026-01-31,MEM,MIN,114,131,MIN,MEM,131,114,245,17,blowout,shootout
2026-01-31,HOU,DAL,111,107,HOU,DAL,111,107,218,4,balanced,
2026-02-01,BOS,MIL,107,79,BOS,MIL,107,79,186,28,blowout,defensive_grind
2026-02-01,DET,BKN,130,77,DET,BKN,130,77,207,53,blowout,defensive_grind
2026-02-01,MIA,CHI,134,91,MIA,CHI,134,91,225,43,blowout,
2026-02-01,TOR,UTA,107,100,TOR,UTA,107,100,207,7,standard,defensive_grind
2026-02-01,WAS,SAC,116,112,WAS,SAC,116,112,228,4,balanced,
2026-02-01,NYK,LAL,112,100,NYK,LAL,112,100,212,12,standard,defensive_grind
2026-02-01,PHX,LAC,93,117,LAC,PHX,117,93,210,24,blowout,defensive_grind
2026-02-01,SAS,ORL,112,103,SAS,ORL,112,103,215,9,standard,
2026-02-01,POR,CLE,111,130,CLE,POR,130,111,241,19,blowout,
2026-02-01,DEN,OKC,111,121,OKC,DEN,121,111,232,10,standard,
2026-02-02,CHA,NOP,102,95,CHA,NOP,102,95,197,7,standard,defensive_grind
2026-02-02,IND,HOU,114,118,HOU,IND,118,114,232,4,balanced,
2026-02-02,MEM,MIN,137,128,MEM,MIN,137,128,265,9,standard,shootout
2026-02-02,LAC,PHI,113,128,PHI,LAC,128,113,241,15,blowout,
2026-02-03,DET,DEN,124,121,DET,DEN,124,121,245,3,balanced,shootout
2026-02-03,IND,UTA,122,131,UTA,IND,131,122,253,9,standard,shootout
2026-02-03,WAS,NYK,101,132,NYK,WAS,132,101,233,31,blowout,
2026-02-03,BKN,LAL,109,125,LAL,BKN,125,109,234,16,blowout,
2026-02-03,MIA,ATL,115,127,ATL,MIA,127,115,242,12,standard,
2026-02-03,DAL,BOS,100,110,BOS,DAL,110,100,210,10,standard,defensive_grind
2026-02-03,MIL,CHI,131,115,MIL,CHI,131,115,246,16,blowout,shootout
2026-02-03,OKC,ORL,128,92,OKC,ORL,128,92,220,36,blowout,
2026-02-03,GSW,PHI,94,113,PHI,GSW,113,94,207,19,blowout,defensive_grind
2026-02-03,POR,PHX,125,130,PHX,POR,130,125,255,5,balanced,shootout
2026-02-04,NYK,DEN,134,127,NYK,DEN,134,127,261,7,standard,shootout
2026-02-04,TOR,MIN,126,128,MIN,TOR,128,126,254,2,balanced,shootout
2026-02-04,HOU,BOS,93,114,BOS,HOU,114,93,207,21,blowout,defensive_grind
2026-02-04,MIL,NOP,141,137,MIL,NOP,141,137,278,4,balanced,shootout
2026-02-04,SAS,OKC,116,106,SAS,OKC,116,106,222,10,standard,
2026-02-04,SAC,MEM,125,129,MEM,SAC,129,125,254,4,balanced,shootout
2026-02-04,LAC,CLE,91,124,CLE,LAC,124,91,215,33,blowout,
2026-02-05,DET,WAS,117,126,WAS,DET,126,117,243,9,standard,
2026-02-05,ORL,BKN,118,98,ORL,BKN,118,98,216,20,blowout,
2026-02-05,ATL,UTA,121,119,ATL,UTA,121,119,240,2,balanced,
2026-02-05,TOR,CHI,123,107,TOR,CHI,123,107,230,16,blowout,
2026-02-05,HOU,CHA,99,109,CHA,HOU,109,99,208,10,standard,defensive_grind
2026-02-05,DAL,SAS,123,135,SAS,DAL,135,123,258,12,standard,shootout
2026-02-05,PHX,GSW,97,101,GSW,PHX,101,97,198,4,balanced,defensive_grind
2026-02-05,LAL,PHI,119,115,LAL,PHI,119,115,234,4,balanced,
2026-02-06,BOS,MIA,98,96,BOS,MIA,98,96,194,2,balanced,defensive_grind
2026-02-06,DET,NYK,118,80,DET,NYK,118,80,198,38,blowout,defensive_grind
2026-02-06,MIL,IND,105,99,MIL,IND,105,99,204,6,standard,defensive_grind
2026-02-06,MIN,NOP,115,119,NOP,MIN,119,115,234,4,balanced,
2026-02-06,POR,MEM,135,115,POR,MEM,135,115,250,20,blowout,shootout
2026-02-06,SAC,LAC,111,114,LAC,SAC,114,111,225,3,balanced,
2026-02-07,BKN,WAS,127,113,BKN,WAS,127,113,240,14,blowout,
2026-02-07,OKC,HOU,106,112,HOU,OKC,112,106,218,6,standard,
2026-02-07,SAS,DAL,138,125,SAS,DAL,138,125,263,13,blowout,shootout
2026-02-07,ORL,UTA,120,117,ORL,UTA,120,117,237,3,balanced,
2026-02-07,ATL,CHA,119,126,CHA,ATL,126,119,245,7,standard,shootout
2026-02-07,CHI,DEN,120,136,DEN,CHI,136,120,256,16,blowout,shootout
2026-02-07,LAL,GSW,105,99,LAL,GSW,105,99,204,6,standard,defensive_grind
2026-02-07,PHX,PHI,103,109,PHI,PHX,109,103,212,6,standard,defensive_grind
2026-02-07,POR,MEM,122,115,POR,MEM,122,115,237,7,standard,
2026-02-07,SAC,CLE,126,132,CLE,SAC,132,126,258,6,standard,shootout
2026-02-08,BOS,NYK,89,111,NYK,BOS,111,89,200,22,blowout,defensive_grind
2026-02-08,WAS,MIA,101,132,MIA,WAS,132,101,233,31,blowout,
2026-02-08,TOR,IND,122,104,TOR,IND,122,104,226,18,blowout,
2026-02-08,MIN,LAC,96,115,LAC,MIN,115,96,211,19,blowout,defensive_grind
2026-02-09,CHA,DET,104,110,DET,CHA,110,104,214,6,standard,defensive_grind
2026-02-09,BKN,CHI,123,115,BKN,CHI,123,115,238,8,standard,
2026-02-09,MIA,UTA,111,115,UTA,MIA,115,111,226,4,balanced,
2026-02-09,ORL,MIL,118,99,ORL,MIL,118,99,217,19,blowout,
2026-02-09,MIN,ATL,138,116,MIN,ATL,138,116,254,22,blowout,shootout
2026-02-09,NOP,SAC,120,94,NOP,SAC,120,94,214,26,blowout,defensive_grind
2026-02-09,DEN,CLE,117,119,CLE,DEN,119,117,236,2,balanced,
2026-02-09,GSW,MEM,114,113,GSW,MEM,114,113,227,1,balanced,
2026-02-09,LAL,OKC,110,119,OKC,LAL,119,110,229,9,standard,
2026-02-09,POR,PHI,135,118,POR,PHI,135,118,253,17,blowout,shootout
2026-02-10,NYK,IND,134,137,IND,NYK,137,134,271,3,balanced,shootout
2026-02-10,HOU,LAC,102,95,HOU,LAC,102,95,197,7,standard,defensive_grind
2026-02-10,PHX,DAL,120,111,PHX,DAL,120,111,231,9,standard,
2026-02-10,LAL,SAS,108,136,SAS,LAL,136,108,244,28,blowout,
2026-02-11,CHA,ATL,110,107,CHA,ATL,110,107,217,3,balanced,
2026-02-11,CLE,WAS,138,113,CLE,WAS,138,113,251,25,blowout,shootout
2026-02-11,ORL,MIL,108,116,MIL,ORL,116,108,224,8,standard,
2026-02-11,BOS,CHI,124,105,BOS,CHI,124,105,229,19,blowout,
2026-02-11,BKN,IND,110,115,IND,BKN,115,110,225,5,balanced,
2026-02-11,PHI,NYK,89,138,NYK,PHI,138,89,227,49,blowout,
2026-02-11,TOR,DET,95,113,DET,TOR,113,95,208,18,blowout,defensive_grind
2026-02-11,HOU,LAC,102,105,LAC,HOU,105,102,207,3,balanced,defensive_grind
2026-02-11,MIN,POR,133,109,MIN,POR,133,109,242,24,blowout,
2026-02-11,NOP,MIA,111,123,MIA,NOP,123,111,234,12,standard,
2026-02-11,PHX,OKC,109,136,OKC,PHX,136,109,245,27,blowout,shootout
2026-02-11,UTA,SAC,121,93,UTA,SAC,121,93,214,28,blowout,defensive_grind
2026-02-11,DEN,MEM,122,116,DEN,MEM,122,116,238,6,standard,
2026-02-11,GSW,SAS,113,126,SAS,GSW,126,113,239,13,blowout,
2026-02-12,OKC,MIL,93,110,MIL,OKC,110,93,203,17,blowout,defensive_grind
2026-02-12,UTA,POR,119,135,POR,UTA,135,119,254,16,blowout,shootout
2026-02-12,LAL,DAL,124,104,LAL,DAL,124,104,228,20,blowout,
2026-02-15,STARS,WORLD,37,35,STARS,WORLD,37,35,72,2,balanced,defensive_grind
2026-02-15,STRIPES,STARS,42,40,STRIPES,STARS,42,40,82,2,balanced,defensive_grind
2026-02-15,STRIPES,WORLD,48,45,STRIPES,WORLD,48,45,93,3,balanced,defensive_grind
2026-02-15,STRIPES,STARS,21,47,STARS,STRIPES,47,21,68,26,blowout,defensive_grind
2026-02-19,CHA,HOU,101,105,HOU,CHA,105,101,206,4,balanced,defensive_grind
2026-02-19,CLE,BKN,112,84,CLE,BKN,112,84,196,28,blowout,defensive_grind
2026-02-19,PHI,ATL,107,117,ATL,PHI,117,107,224,10,standard,
2026-02-19,WAS,IND,112,105,WAS,IND,112,105,217,7,standard,
2026-02-19,NYK,DET,111,126,DET,NYK,126,111,237,15,blowout,
2026-02-19,CHI,TOR,101,110,TOR,CHI,110,101,211,9,standard,defensive_grind
2026-02-19,SAS,PHX,121,94,SAS,PHX,121,94,215,27,blowout,
2026-02-19,GSW,BOS,110,121,BOS,GSW,121,110,231,11,standard,
2026-02-19,SAC,ORL,94,131,ORL,SAC,131,94,225,37,blowout,
2026-02-19,LAC,DEN,115,114,LAC,DEN,115,114,229,1,balanced,
2026-02-20,CHA,CLE,113,118,CLE,CHA,118,113,231,5,balanced,
2026-02-20,WAS,IND,131,118,WAS,IND,131,118,249,13,blowout,shootout
2026-02-20,MEM,UTA,123,114,MEM,UTA,123,114,237,9,standard,
2026-02-20,ATL,MIA,97,128,MIA,ATL,128,97,225,31,blowout,
2026-02-20,MIN,DAL,122,111,MIN,DAL,122,111,233,11,standard,
2026-02-20,NOP,MIL,118,139,MIL,NOP,139,118,257,21,blowout,shootout
2026-02-20,OKC,BKN,105,86,OKC,BKN,105,86,191,19,blowout,defensive_grind
2026-02-20,POR,DEN,103,157,DEN,POR,157,103,260,54,blowout,shootout
2026-02-20,LAL,LAC,125,122,LAL,LAC,125,122,247,3,balanced,shootout
2026-02-21,PHX,ORL,113,110,PHX,ORL,113,110,223,3,balanced,
2026-02-21,NOP,PHI,126,111,NOP,PHI,126,111,237,15,blowout,
2026-02-21,MIA,MEM,136,120,MIA,MEM,136,120,256,16,blowout,shootout
2026-02-21,CHI,DET,110,126,DET,CHI,126,110,236,16,blowout,
2026-02-21,SAS,SAC,139,122,SAS,SAC,139,122,261,17,blowout,shootout
2026-02-21,NYK,HOU,108,106,NYK,HOU,108,106,214,2,balanced,defensive_grind
2026-02-22,OKC,CLE,121,113,OKC,CLE,121,113,234,8,standard,
2026-02-22,ATL,BKN,115,104,ATL,BKN,115,104,219,11,standard,
2026-02-22,MIL,TOR,94,122,TOR,MIL,122,94,216,28,blowout,
2026-02-22,GSW,DEN,128,117,GSW,DEN,128,117,245,11,standard,shootout
2026-02-22,IND,DAL,130,134,DAL,IND,134,130,264,4,balanced,shootout
2026-02-22,WAS,CHA,112,129,CHA,WAS,129,112,241,17,blowout,
2026-02-22,LAL,BOS,89,111,BOS,LAL,111,89,200,22,blowout,defensive_grind
2026-02-22,MIN,PHI,108,135,PHI,MIN,135,108,243,27,blowout,
2026-02-22,CHI,NYK,99,105,NYK,CHI,105,99,204,6,standard,defensive_grind
2026-02-22,PHX,POR,77,92,POR,PHX,92,77,169,15,blowout,defensive_grind
2026-02-22,LAC,ORL,109,111,ORL,LAC,111,109,220,2,balanced,
2026-02-23,DET,SAS,103,114,SAS,DET,114,103,217,11,standard,
2026-02-23,MEM,SAC,114,123,SAC,MEM,123,114,237,9,standard,
2026-02-23,HOU,UTA,125,105,HOU,UTA,125,105,230,20,blowout,
2026-02-24,IND,PHI,114,135,PHI,IND,135,114,249,21,blowout,shootout
2026-02-24,ATL,WAS,119,98,ATL,WAS,119,98,217,21,blowout,
2026-02-24,BKN,DAL,114,123,DAL,BKN,123,114,237,9,standard,
2026-02-24,TOR,OKC,107,116,OKC,TOR,116,107,223,9,standard,
2026-02-24,CLE,NYK,109,94,CLE,NYK,109,94,203,15,blowout,defensive_grind
2026-02-24,CHI,CHA,99,131,CHA,CHI,131,99,230,32,blowout,
2026-02-24,MIL,MIA,128,117,MIL,MIA,128,117,245,11,standard,shootout
2026-02-24,NOP,GSW,113,109,NOP,GSW,113,109,222,4,balanced,
2026-02-24,PHX,BOS,81,97,BOS,PHX,97,81,178,16,blowout,defensive_grind
2026-02-24,POR,MIN,121,124,MIN,POR,124,121,245,3,balanced,shootout
2026-02-24,LAL,ORL,109,110,ORL,LAL,110,109,219,1,balanced,
2026-02-25,DET,OKC,124,116,DET,OKC,124,116,240,8,standard,
2026-02-25,TOR,SAS,107,110,SAS,TOR,110,107,217,3,balanced,
2026-02-25,MEM,GSW,112,133,GSW,MEM,133,112,245,21,blowout,shootout
2026-02-25,HOU,SAC,128,97,HOU,SAC,128,97,225,31,blowout,
2026-02-25,MIL,CLE,118,116,MIL,CLE,118,116,234,2,balanced,
2026-02-25,DEN,BOS,103,84,DEN,BOS,103,84,187,19,blowout,defensive_grind
2026-02-26,IND,CHA,109,133,CHA,IND,133,109,242,24,blowout,
2026-02-26,PHI,MIA,124,117,PHI,MIA,124,117,241,7,standard,
2026-02-26,ATL,WAS,126,96,ATL,WAS,126,96,222,30,blowout,
2026-02-26,BKN,SAS,110,126,SAS,BKN,126,110,236,16,blowout,
2026-02-26,ORL,HOU,108,113,HOU,ORL,113,108,221,5,balanced,
2026-02-26,CHI,POR,112,121,POR,CHI,121,112,233,9,standard,
2026-02-26,DAL,SAC,121,130,SAC,DAL,130,121,251,9,standard,shootout
2026-02-26,PHX,LAL,113,110,PHX,LAL,113,110,223,3,balanced,
2026-02-26,UTA,NOP,118,129,NOP,UTA,129,118,247,11,standard,shootout
2026-02-26,LAC,MIN,88,94,MIN,LAC,94,88,182,6,standard,defensive_grind
2026-02-27,DET,CLE,122,119,DET,CLE,122,119,241,3,balanced,
2026-02-27,BOS,BKN,148,111,BOS,BKN,148,111,259,37,blowout,shootout
2026-02-27,MIL,NYK,98,127,NYK,MIL,127,98,225,29,blowout,
2026-02-27,DAL,MEM,105,124,MEM,DAL,124,105,229,19,blowout,
2026-02-27,OKC,DEN,127,121,OKC,DEN,127,121,248,6,standard,shootout
2026-02-28,CHA,POR,109,93,CHA,POR,109,93,202,16,blowout,defensive_grind
2026-02-28,MIA,HOU,115,105,MIA,HOU,115,105,220,10,standard,
2026-02-28,WAS,TOR,125,134,TOR,WAS,134,125,259,9,standard,shootout
2026-02-28,GSW,LAL,101,129,LAL,GSW,129,101,230,28,blowout,
2026-02-28,UTA,NOP,105,115,NOP,UTA,115,105,220,10,standard,
2026-03-01,NYK,SAS,114,89,NYK,SAS,114,89,203,25,blowout,defensive_grind
2026-03-01,BKN,CLE,102,106,CLE,BKN,106,102,208,4,balanced,defensive_grind
2026-03-01,CHI,MIL,120,97,CHI,MIL,120,97,217,23,blowout,
2026-03-01,DEN,MIN,108,117,MIN,DEN,117,108,225,9,standard,
2026-03-01,IND,MEM,106,125,MEM,IND,125,106,231,19,blowout,
2026-03-01,ATL,POR,135,101,ATL,POR,135,101,236,34,blowout,
2026-03-01,ORL,DET,92,106,DET,ORL,106,92,198,14,blowout,defensive_grind
2026-03-01,BOS,PHI,114,98,BOS,PHI,114,98,212,16,blowout,defensive_grind
2026-03-01,DAL,OKC,87,100,OKC,DAL,100,87,187,13,blowout,defensive_grind
2026-03-01,LAC,NOP,137,117,LAC,NOP,137,117,254,20,blowout,shootout
2026-03-01,LAL,SAC,128,104,LAL,SAC,128,104,232,24,blowout,
2026-03-02,WAS,HOU,118,123,HOU,WAS,123,118,241,5,balanced,
2026-03-02,MIL,BOS,81,108,BOS,MIL,108,81,189,27,blowout,defensive_grind
2026-03-02,UTA,DEN,125,128,DEN,UTA,128,125,253,3,balanced,shootout
2026-03-02,GSW,LAC,101,114,LAC,GSW,114,101,215,13,blowout,
2026-03-03,CHA,DAL,117,90,CHA,DAL,117,90,207,27,blowout,defensive_grind
2026-03-03,CLE,DET,113,109,CLE,DET,113,109,222,4,balanced,
2026-03-03,ORL,WAS,126,109,ORL,WAS,126,109,235,17,blowout,
2026-03-03,MIA,BKN,124,98,MIA,BKN,124,98,222,26,blowout,
2026-03-03,TOR,NYK,95,111,NYK,TOR,111,95,206,16,blowout,defensive_grind
2026-03-03,PHI,SAS,91,131,SAS,PHI,131,91,222,40,blowout,
2026-03-03,CHI,OKC,108,116,OKC,CHI,116,108,224,8,standard,
2026-03-03,MIN,MEM,117,110,MIN,MEM,117,110,227,7,standard,
2026-03-03,LAL,NOP,110,101,LAL,NOP,110,101,211,9,standard,defensive_grind
2026-03-03,SAC,PHX,103,114,PHX,SAC,114,103,217,11,standard,
2026-03-04,NYK,OKC,100,103,OKC,NYK,103,100,203,3,balanced,defensive_grind
2026-03-04,BOS,CHA,89,118,CHA,BOS,118,89,207,29,blowout,defensive_grind
2026-03-04,PHI,UTA,106,102,PHI,UTA,106,102,208,4,balanced,defensive_grind
2026-03-04,MEM,POR,114,122,POR,MEM,122,114,236,8,standard,
2026-03-04,MIL,ATL,113,131,ATL,MIL,131,113,244,18,blowout,
2026-03-04,LAC,IND,130,107,LAC,IND,130,107,237,23,blowout,
2026-03-05,ORL,DAL,115,114,ORL,DAL,115,114,229,1,balanced,
2026-03-05,WAS,UTA,112,122,UTA,WAS,122,112,234,10,standard,
2026-03-05,MIA,BKN,126,110,MIA,BKN,126,110,236,16,blowout,
2026-03-05,HOU,GSW,113,115,GSW,HOU,115,113,228,2,balanced,
2026-03-05,MIN,TOR,115,107,MIN,TOR,115,107,222,8,standard,
2026-03-05,SAS,DET,121,106,SAS,DET,121,106,227,15,blowout,
2026-03-05,PHX,CHI,103,105,CHI,PHX,105,103,208,2,balanced,defensive_grind
2026-03-05,DEN,LAL,120,113,DEN,LAL,120,113,233,7,standard,
2026-03-05,SAC,NOP,123,133,NOP,SAC,133,123,256,10,standard,shootout
2026-03-06,BOS,DAL,120,100,BOS,DAL,120,100,220,20,blowout,
2026-03-06,CHA,MIA,120,128,MIA,CHA,128,120,248,8,standard,shootout
2026-03-06,HOU,POR,106,99,HOU,POR,106,99,205,7,standard,defensive_grind
2026-03-06,DEN,NYK,103,142,NYK,DEN,142,103,245,39,blowout,shootout
2026-03-06,PHX,NOP,118,116,PHX,NOP,118,116,234,2,balanced,
2026-03-06,SAS,LAC,116,112,SAS,LAC,116,112,228,4,balanced,
2026-03-06,LAL,IND,128,117,LAL,IND,128,117,245,11,standard,shootout
2026-03-07,MIN,ORL,92,119,ORL,MIN,119,92,211,27,blowout,defensive_grind
2026-03-07,DET,BKN,105,107,BKN,DET,107,105,212,2,balanced,defensive_grind
2026-03-07,ATL,PHI,125,116,ATL,PHI,125,116,241,9,standard,
2026-03-07,MEM,LAC,120,123,LAC,MEM,123,120,243,3,balanced,
2026-03-07,MIL,UTA,113,99,MIL,UTA,113,99,212,14,blowout,defensive_grind
2026-03-07,OKC,GSW,104,97,OKC,GSW,104,97,201,7,standard,defensive_grind
2026-03-08,CLE,BOS,98,109,BOS,CLE,109,98,207,11,standard,defensive_grind
2026-03-08,LAL,NYK,110,97,LAL,NYK,110,97,207,13,blowout,defensive_grind
2026-03-08,MIA,DET,121,110,MIA,DET,121,110,231,11,standard,
2026-03-08,TOR,DAL,122,92,TOR,DAL,122,92,214,30,blowout,defensive_grind
2026-03-08,NOP,WAS,138,118,NOP,WAS,138,118,256,20,blowout,shootout
2026-03-08,MIL,ORL,91,130,ORL,MIL,130,91,221,39,blowout,
2026-03-08,SAS,HOU,145,120,SAS,HOU,145,120,265,25,blowout,shootout
2026-03-08,POR,IND,131,111,POR,IND,131,111,242,20,blowout,
2026-03-08,SAC,CHI,126,110,SAC,CHI,126,110,236,16,blowout,
2026-03-08,PHX,CHA,111,99,PHX,CHA,111,99,210,12,standard,defensive_grind
2026-03-09,CLE,PHI,115,101,CLE,PHI,115,101,216,14,blowout,
2026-03-09,BKN,MEM,126,115,BKN,MEM,126,115,241,11,standard,
2026-03-09,OKC,DEN,129,126,OKC,DEN,129,126,255,3,balanced,shootout
2026-03-09,UTA,GSW,119,116,UTA,GSW,119,116,235,3,balanced,
2026-03-09,LAC,NYK,126,118,LAC,NYK,126,118,244,8,standard,
2026-03-10,PHI,MEM,139,129,PHI,MEM,139,129,268,10,standard,shootout
2026-03-10,BKN,DET,100,138,DET,BKN,138,100,238,38,blowout,
2026-03-10,MIA,WAS,150,129,MIA,WAS,150,129,279,21,blowout,shootout
2026-03-10,ATL,DAL,124,112,ATL,DAL,124,112,236,12,standard,
2026-03-10,HOU,TOR,113,99,HOU,TOR,113,99,212,14,blowout,defensive_grind
2026-03-10,MIL,PHX,114,129,PHX,MIL,129,114,243,15,blowout,
2026-03-10,SAS,BOS,125,116,SAS,BOS,125,116,241,9,standard,
2026-03-10,GSW,CHI,124,130,CHI,GSW,130,124,254,6,standard,shootout
2026-03-10,POR,CHA,101,103,CHA,POR,103,101,204,2,balanced,defensive_grind
2026-03-10,SAC,IND,114,109,SAC,IND,114,109,223,5,balanced,
2026-03-10,LAL,MIN,120,106,LAL,MIN,120,106,226,14,blowout,
2026-03-11,ORL,CLE,128,122,ORL,CLE,128,122,250,6,standard,shootout
2026-03-11,NOP,TOR,122,111,NOP,TOR,122,111,233,11,standard,
2026-03-11,UTA,NYK,117,134,NYK,UTA,134,117,251,17,blowout,shootout
2026-03-11,DEN,HOU,129,93,DEN,HOU,129,93,222,36,blowout,
2026-03-11,SAC,CHA,109,117,CHA,SAC,117,109,226,8,standard,
2026-03-11,LAC,MIN,153,128,LAC,MIN,153,128,281,25,blowout,shootout
2026-03-12,DET,PHI,131,109,DET,PHI,131,109,240,22,blowout,
2026-03-12,IND,PHX,108,123,PHX,IND,123,108,231,15,blowout,
2026-03-12,ORL,WAS,136,131,ORL,WAS,136,131,267,5,balanced,shootout
2026-03-12,ATL,BKN,108,97,ATL,BKN,108,97,205,11,standard,defensive_grind
2026-03-12,MIA,MIL,112,105,MIA,MIL,112,105,217,7,standard,
2026-03-12,MEM,DAL,112,120,DAL,MEM,120,112,232,8,standard,
2026-03-12,SAS,DEN,131,136,DEN,SAS,136,131,267,5,balanced,shootout
2026-03-12,OKC,BOS,104,102,OKC,BOS,104,102,206,2,balanced,defensive_grind
2026-03-12,LAL,CHI,142,130,LAL,CHI,142,130,272,12,standard,shootout
2026-03-13,DET,MEM,126,110,DET,MEM,126,110,236,16,blowout,
2026-03-13,IND,NYK,92,101,NYK,IND,101,92,193,9,standard,defensive_grind
2026-03-13,TOR,PHX,122,115,TOR,PHX,122,115,237,7,standard,
2026-03-13,DAL,CLE,105,138,CLE,DAL,138,105,243,33,blowout,
2026-03-13,HOU,NOP,107,105,HOU,NOP,107,105,212,2,balanced,defensive_grind
2026-03-13,GSW,MIN,117,127,MIN,GSW,127,117,244,10,standard,
2026-03-13,POR,UTA,124,114,POR,UTA,124,114,238,10,standard,
2026-03-13,LAC,CHI,119,108,LAC,CHI,119,108,227,11,standard,
2026-03-14,PHI,BKN,104,97,PHI,BKN,104,97,201,7,standard,defensive_grind
2026-03-14,ATL,MIL,122,99,ATL,MIL,122,99,221,23,blowout,
2026-03-14,SAS,CHA,115,102,SAS,CHA,115,102,217,13,blowout,
2026-03-14,BOS,WAS,111,100,BOS,WAS,111,100,211,11,standard,defensive_grind
2026-03-14,MIA,ORL,117,121,ORL,MIA,121,117,238,4,balanced,
2026-03-14,LAL,DEN,127,125,LAL,DEN,127,125,252,2,balanced,shootout
2026-03-14,LAC,SAC,109,118,SAC,LAC,118,109,227,9,standard,
2026-03-15,OKC,MIN,116,103,OKC,MIN,116,103,219,13,blowout,
2026-03-15,CLE,DAL,120,130,DAL,CLE,130,120,250,10,standard,shootout
2026-03-15,TOR,DET,119,108,TOR,DET,119,108,227,11,standard,
2026-03-15,MIL,IND,134,123,MIL,IND,134,123,257,11,standard,shootout
2026-03-15,PHI,POR,109,103,PHI,POR,109,103,212,6,standard,defensive_grind
2026-03-15,NYK,GSW,110,107,NYK,GSW,110,107,217,3,balanced,
2026-03-15,SAC,UTA,116,111,SAC,UTA,116,111,227,5,balanced,
2026-03-16,ATL,ORL,124,112,ATL,ORL,124,112,236,12,standard,
2026-03-16,WAS,GSW,117,125,GSW,WAS,125,117,242,8,standard,
2026-03-16,BKN,POR,95,114,POR,BKN,114,95,209,19,blowout,defensive_grind
2026-03-16,BOS,PHX,120,112,BOS,PHX,120,112,232,8,standard,
2026-03-16,CHI,MEM,132,107,CHI,MEM,132,107,239,25,blowout,
2026-03-16,NOP,DAL,129,111,NOP,DAL,129,111,240,18,blowout,
2026-03-16,HOU,LAL,92,100,LAL,HOU,100,92,192,8,standard,defensive_grind
2026-03-16,LAC,SAS,115,119,SAS,LAC,119,115,234,4,balanced,
2026-03-17,CHA,MIA,136,106,CHA,MIA,136,106,242,30,blowout,
2026-03-17,ORL,OKC,108,113,OKC,ORL,113,108,221,5,balanced,
2026-03-17,WAS,DET,117,130,DET,WAS,130,117,247,13,blowout,shootout
2026-03-17,NYK,IND,136,110,NYK,IND,136,110,246,26,blowout,shootout
2026-03-17,MIL,CLE,116,123,CLE,MIL,123,116,239,7,standard,
2026-03-17,MIN,PHX,116,104,MIN,PHX,116,104,220,12,standard,
2026-03-17,DEN,PHI,124,96,DEN,PHI,124,96,220,28,blowout,
2026-03-17,SAC,SAS,104,132,SAS,SAC,132,104,236,28,blowout,
2026-03-18,BOS,GSW,120,99,BOS,GSW,120,99,219,21,blowout,
2026-03-18,BKN,OKC,92,121,OKC,BKN,121,92,213,29,blowout,defensive_grind
2026-03-18,IND,POR,119,127,POR,IND,127,119,246,8,standard,shootout
2026-03-18,CHI,TOR,109,139,TOR,CHI,139,109,248,30,blowout,shootout
2026-03-18,MIN,UTA,147,111,MIN,UTA,147,111,258,36,blowout,shootout
2026-03-18,NOP,LAC,124,109,NOP,LAC,124,109,233,15,blowout,
2026-03-18,DAL,ATL,120,135,ATL,DAL,135,120,255,15,blowout,shootout
2026-03-18,MEM,DEN,125,118,MEM,DEN,125,118,243,7,standard,
2026-03-18,HOU,LAL,116,124,LAL,HOU,124,116,240,8,standard,
2026-03-19,CHA,ORL,130,111,CHA,ORL,130,111,241,19,blowout,
2026-03-19,WAS,DET,95,117,DET,WAS,117,95,212,22,blowout,defensive_grind
2026-03-19,MIA,LAL,126,134,LAL,MIA,134,126,260,8,standard,shootout
2026-03-19,CHI,CLE,110,115,CLE,CHI,115,110,225,5,balanced,
2026-03-19,NOP,LAC,105,99,NOP,LAC,105,99,204,6,standard,defensive_grind
2026-03-19,SAS,PHX,101,100,SAS,PHX,101,100,201,1,balanced,defensive_grind
2026-03-19,UTA,MIL,128,96,UTA,MIL,128,96,224,32,blowout,
2026-03-19,SAC,PHI,118,139,PHI,SAC,139,118,257,21,blowout,shootout
2026-03-20,BKN,NYK,92,93,NYK,BKN,93,92,185,1,balanced,defensive_grind
2026-03-20,DET,GSW,115,101,DET,GSW,115,101,216,14,blowout,
2026-03-20,HOU,ATL,117,95,HOU,ATL,117,95,212,22,blowout,defensive_grind
2026-03-20,MEM,BOS,112,117,BOS,MEM,117,112,229,5,balanced,
2026-03-20,MIN,POR,104,108,POR,MIN,108,104,212,4,balanced,defensive_grind
2026-03-20,DEN,TOR,121,115,DEN,TOR,121,115,236,6,standard,
2026-03-21,WAS,OKC,111,132,OKC,WAS,132,111,243,21,blowout,
2026-03-21,CHA,MEM,124,101,CHA,MEM,124,101,225,23,blowout,
2026-03-21,ORL,LAL,104,105,LAL,ORL,105,104,209,1,balanced,defensive_grind
2026-03-21,NOP,CLE,106,111,CLE,NOP,111,106,217,5,balanced,
2026-03-21,ATL,GSW,126,110,ATL,GSW,126,110,236,16,blowout,
2026-03-21,HOU,MIA,123,122,HOU,MIA,123,122,245,1,balanced,shootout
2026-03-21,SAS,IND,134,119,SAS,IND,134,119,253,15,blowout,shootout
2026-03-21,DAL,LAC,131,138,LAC,DAL,138,131,269,7,standard,shootout
2026-03-21,UTA,PHI,116,126,PHI,UTA,126,116,242,10,standard,
2026-03-21,PHX,MIL,105,108,MIL,PHX,108,105,213,3,balanced,defensive_grind
2026-03-22,DEN,POR,128,112,DEN,POR,128,112,240,16,blowout,
2026-03-22,SAC,BKN,126,122,SAC,BKN,126,122,248,4,balanced,shootout
2026-03-22,NYK,WAS,145,113,NYK,WAS,145,113,258,32,blowout,shootout
2026-03-22,BOS,MIN,92,102,MIN,BOS,102,92,194,10,standard,defensive_grind
2026-03-22,PHX,TOR,120,98,PHX,TOR,120,98,218,22,blowout,
2026-03-23,DET,LAL,113,110,DET,LAL,113,110,223,3,balanced,
2026-03-23,ORL,IND,126,128,IND,ORL,128,126,254,2,balanced,shootout
2026-03-23,PHI,OKC,103,123,OKC,PHI,123,103,226,20,blowout,
2026-03-23,MIA,SAS,111,136,SAS,MIA,136,111,247,25,blowout,shootout
2026-03-23,ATL,MEM,146,107,ATL,MEM,146,107,253,39,blowout,shootout
2026-03-23,CHI,HOU,132,124,CHI,HOU,132,124,256,8,standard,shootout
2026-03-23,UTA,TOR,127,143,TOR,UTA,143,127,270,16,blowout,shootout
2026-03-23,DAL,GSW,131,137,GSW,DAL,137,131,268,6,standard,shootout
2026-03-23,POR,BKN,134,99,POR,BKN,134,99,233,35,blowout,
2026-03-23,LAC,MIL,129,96,LAC,MIL,129,96,225,33,blowout,
2026-03-31,POR,LAC,114,104,POR,LAC,114,104,218,10,standard,
